{
  "dataset": "ECG200",
  "input_length": 96,
  "validation_size": 0.2,
  "seed": 4,
  "class_names": [
    "-1",
    "1"
  ],
  "display_labels": {},
  "scaler": {
    "type": "sklearn.preprocessing.StandardScaler",
    "mean": [
      0.7241555843967944,
      1.4287384903058409,
      2.0179780126549303,
      2.118311209138483,
      1.481017042719759,
      0.6574616013327613,
      0.26801930158399045,
      0.29414315996691587,
      0.3118911229772493,
      0.18435715964296834,
      -0.005017264484195039,
      -0.22598509395029395,
      -0.3997480668374919,
      -0.6291310577653348,
      -0.7058356029825518,
      -0.8126751184812747,
      -0.8788245011586696,
      -0.9724376284051687,
      -1.0667059913743286,
      -1.1026574235409499,
      -1.1998299327678978,
      -1.2770199228078127,
      -1.3199005145579576,
      -1.4090604981407524,
      -1.4676254086196423,
      -1.5291816595941783,
      -1.5567097313702107,
      -1.559996374277398,
      -1.6179473701864482,
      -1.555254203826189,
      -1.5304100218170789,
      -1.4953026692848652,
      -1.3457494907081127,
      -1.2493334889411927,
      -1.0913309227209538,
      -0.9152867494150996,
      -0.7695280440151692,
      -0.5479733560525346,
      -0.3616404087515548,
      -0.20598299854900687,
      -0.04512866783188656,
      0.05135405049659312,
      0.17080182043500827,
      0.2578463749174261,
      0.3364888294483535,
      0.35561344244051724,
      0.38849261053837836,
      0.43075187942013143,
      0.4118742858059704,
      0.44103804165497423,
      0.45912091885693374,
      0.4705769764725119,
      0.5017860369058326,
      0.4932009166572243,
      0.5107115486636757,
      0.5176444467157125,
      0.551823024218902,
      0.5362513918953482,
      0.507555314534693,
      0.5328956875018775,
      0.523530878406018,
      0.4983148744038772,
      0.4664294565212913,
      0.4401869187131524,
      0.4373651827219874,
      0.4327092740975786,
      0.43401058176532387,
      0.419438157021068,
      0.39516510695684703,
      0.3746773216553265,
      0.3793651964981109,
      0.3771102236927618,
      0.4059875178616494,
      0.5330795084897545,
      0.5813443776685745,
      0.5887186240404845,
      0.5708880314836279,
      0.5065599271571045,
      0.43019792484119534,
      0.3549661984667182,
      0.3203687966335565,
      0.28419138081371786,
      0.23894614033633843,
      0.1929535969044082,
      0.1735382813028991,
      0.18765937527232382,
      0.1863231823197566,
      0.1656748396519106,
      0.19962618515673966,
      0.29411236868181734,
      0.4449868828232866,
      0.5034537621992058,
      0.4297639686090406,
      0.3089532451966079,
      0.1880284878774546,
      0.16868414481286892
    ],
    "scale": [
      0.6255266760683981,
      0.949686235664658,
      1.0652920690058343,
      1.1558073777931415,
      0.9599643281690213,
      0.9317923696251358,
      1.0539473687037022,
      0.8920235928412045,
      0.7896581433909443,
      0.7601312710388329,
      0.6725359782430868,
      0.5932207338197695,
      0.5455916271311341,
      0.4968155757791355,
      0.4711177235577742,
      0.47222114655085845,
      0.4462652411061565,
      0.4277416417222196,
      0.4499488721858043,
      0.4112321686593311,
      0.43083028614846597,
      0.4530966490107077,
      0.4315891666798688,
      0.4234881465161681,
      0.41721743744583845,
      0.44170449704080844,
      0.404747504239264,
      0.4580804360241909,
      0.5003960880336421,
      0.5539537627950499,
      0.6681952117852308,
      0.7225353292665722,
      0.8370766336961306,
      0.8240151809886341,
      0.8628365711265046,
      0.860389382709779,
      0.8507770005320072,
      0.8671306641483647,
      0.8778771050217586,
      0.9006449100629137,
      0.8880769871781768,
      0.8958695837969248,
      0.8984600882379001,
      0.8372920706077729,
      0.8128321096080563,
      0.7706249900266926,
      0.6946937709430182,
      0.619811538932243,
      0.5499387361222386,
      0.4893184460053973,
      0.40689468510506294,
      0.3681741851427155,
      0.3303220317265003,
      0.2893329427273348,
      0.25234527377440896,
      0.2360183194372307,
      0.24018859295719613,
      0.23796454702733416,
      0.21945885783575195,
      0.2455674792985631,
      0.24086773352469054,
      0.2192518404501629,
      0.22342315325469106,
      0.23420682738371318,
      0.22065106181552774,
      0.2519195519236648,
      0.2491626670521772,
      0.2743487708376011,
      0.2511961978527359,
      0.253916427449699,
      0.27296212432687467,
      0.2750011874419502,
      0.2879924529282974,
      0.3091636732045856,
      0.33365829854469786,
      0.36744504254505655,
      0.353464671501946,
      0.33728242813620857,
      0.36716509877663905,
      0.3916002774255268,
      0.3996908260711638,
      0.434766542361068,
      0.44503939353722,
      0.44328105332546464,
      0.43182976254280026,
      0.403626117661838,
      0.41133985534395495,
      0.4338726067580013,
      0.4448807731248414,
      0.5949151472710962,
      0.787680541609213,
      0.905911095750812,
      0.8756716025921972,
      0.6749409181354857,
      0.6104665735663866,
      0.40959361034815284
    ],
    "var": [
      0.39128362247317866,
      0.9019039462109084,
      1.1348471922867314,
      1.3358906945610578,
      0.9215315113570005,
      0.8682370200916256,
      1.1108050559974574,
      0.7957060901853309,
      0.6235599834236332,
      0.5777995492111118,
      0.45230464203138565,
      0.35191083903366577,
      0.29767022359559847,
      0.24682571633675393,
      0.22195190945025933,
      0.22299281124980735,
      0.199152665419536,
      0.1829629120632197,
      0.20245398758127728,
      0.16911189654025655,
      0.18561473546276908,
      0.20529657334473245,
      0.18626920879542355,
      0.17934221023969948,
      0.1740703901088721,
      0.19510286270607355,
      0.16382054218791303,
      0.20983768586811286,
      0.2503962449193725,
      0.30686477131479445,
      0.4464848410527094,
      0.5220573020383538,
      0.7006972906800459,
      0.6790010184997315,
      0.7444869484733435,
      0.7402698898797146,
      0.7238215046342391,
      0.751915588706384,
      0.7706682115213839,
      0.8111612540222339,
      0.7886807351554677,
      0.8025823111724752,
      0.8072305301564553,
      0.7010580115026517,
      0.6606960384098832,
      0.5938628752536401,
      0.4825994353870306,
      0.3841663437935553,
      0.3024326134877252,
      0.23943254160113692,
      0.1655632847667483,
      0.13555223060550253,
      0.10911264464392308,
      0.08371355174725918,
      0.0636781371962814,
      0.05570464710997467,
      0.057690560186757646,
      0.05662712564192433,
      0.04816219028257278,
      0.060303386889050216,
      0.05801726505332133,
      0.04807136954078369,
      0.04991790541026917,
      0.05485283799314442,
      0.04868689108031984,
      0.06346346064142003,
      0.06208203465255411,
      0.07526724806010257,
      0.06309952981567082,
      0.06447355212881825,
      0.07450832131704019,
      0.07562565309448262,
      0.0829396529436576,
      0.0955821768293518,
      0.11132786018774274,
      0.13501585929093843,
      0.12493727399997859,
      0.1137594363294567,
      0.1348102097596591,
      0.15335077727974952,
      0.1597527564454493,
      0.18902194635659833,
      0.19806006179997657,
      0.19649809223733344,
      0.18647694381777127,
      0.16291404285876787,
      0.1692004765943858,
      0.18824543889498324,
      0.1979189022961566,
      0.35392403245259,
      0.6204406356297831,
      0.8206749134044369,
      0.766800755586387,
      0.4555452429735724,
      0.3726694374418844,
      0.16776692563803447
    ],
    "n_features_in": 96
  }
}
